content,date,rating,title,author
"What a stunning winelands setting! The lamb shank melted off the bone and the local Pinotage pairing was perfect. Service was warm and welcoming - true Stellenbosch hospitality. A must-visit!",2025-12-16,5,Winelands perfection,Wine Tour Group
"The bobotie was good but I've had better at other Cape Malay restaurants. Nice outdoor seating area under the oaks. Service was a bit slow but friendly. Average overall.",2025-12-14,3,Nice setting average food,Local Foodie
"Disgusting! Found a fly in my soup and when I showed the manager he tried to blame us. The kitchen must be filthy. The whole place needs a health inspection. Avoid at all costs!",2025-12-11,1,Health hazard,Shocked Customer
"Wonderful farm-to-table experience. You can taste the freshness in every bite. The vegetable garden tour before dinner was a lovely touch. Pricey but worth it for the experience.",2025-12-08,5,Farm fresh excellence,Cape Town Couple
"The steak was excellent - perfectly cooked medium rare as requested. Chips were crispy and the pepper sauce was rich. Only downside was the 30-minute wait for food. Worth it though!",2025-12-05,4,Great steaks,Meat Lover
"Service here is shockingly poor. Our waiter forgot our drinks order twice. Then brought the wrong desserts. No apology offered. Beautiful location wasted on terrible management.",2025-12-02,1,Beautiful view terrible service,Anniversary Ruined
"Lovely Sunday lunch with the family. The roast chicken was juicy and flavorful. Kids enjoyed the garden area to play in. Very family-oriented atmosphere. Will make this our regular spot.",2025-11-29,4,Family Sunday lunch,The Johnsons
"The cheese platter was incredible - all local artisan cheeses paired with estate wines. Such a sophisticated offering. Staff were knowledgeable and passionate about local producers.",2025-11-26,5,Cheese and wine heaven,Cheese Enthusiast
"Mediocre food at premium prices. The pasta was overcooked and the sauce was clearly from a jar. Only the view saves this place. Disappointing for the Stellenbosch reputation.",2025-11-23,2,Overpriced and underwhelming,Disappointed Visitor
"The chef prepared a special vegetarian tasting menu for us - absolute creativity and flavor! Each course was a work of art. This kitchen understands plant-based cuisine. Impressed!",2025-11-20,5,Vegetarian paradise,Plant-Based Couple
"Cold food and warm wine - exactly the opposite of what you want! The waiter seemed completely untrained. Had to ask three times for cutlery. Such potential wasted by poor execution.",2025-11-17,2,Needs serious improvement,Critical Diner
"Perfect venue for our engagement celebration! The private terrace was romantic and intimate. The champagne and oysters were sublime. Staff made us feel so special. Memorable evening!",2025-11-14,5,Engagement celebration,Newly Engaged
"The breakfast buffet is excellent value. Fresh pastries, quality coffee, beautiful setting under the mountains. Fast and friendly service. Perfect fuel before wine tasting!",2025-11-11,4,Great breakfast spot,Wine Tourist
"Ordered the catch of the day and received something that definitely wasn't fresh. Complained and was told that's how fish is supposed to taste in Stellenbosch. Insulting response!",2025-11-08,1,Stale fish and attitude,Seafood Disappointed
"A lovely spot for a quiet lunch. The quiche Lorraine was light and fluffy, salad was fresh with a zesty dressing. Peaceful garden setting. Perfect for a relaxed afternoon.",2025-11-05,4,Peaceful lunch retreat,Garden Lover
